contributor,contributions
laanwj,7364
fanquake,3407
sipa,2136
hebasto,1493
achow101,1386
gavinandresen,1101
jnewbery,794
jonasschnelli,774
practicalswift,715
jonatack,682
theuni,657
ryanofsky,582
luke-jr,515
dongcarl,509
TheBlueMatt,504
theStack,465
glozow,382
promag,337
sdaftuar,333
meshcollider,317
ajtowns,271
non-github-bitcoin,271
gmaxwell,267
vasild,255
furszy,235
jamesob,218
Sjors,211
morcos,209
instagibbs,185
kallewoof,165
amitiuttarwar,164
Empact,150
fjahr,147
darosior,144
jtimon,141
brunoerg,138
mzumsande,130
paveljanik,109
ken2812221,105
petertodd,103
dergoegge,100
TheCharlatan,92
pstratem,87
cozz,70
stickies-v,64
JeremyRubin,60
domob1812,58
S3RK,58
josibake,55
jimpo,50
martinus,50
w0xlt,49
sipsorcery,46
naumenkogs,42
kiminuo,40
stratospher,40
murchandamus,38
rebroad,36
jarolrod,36
aureleoules,35
NicolasDorier,35
muggenhor,34
ismaelsadeeq,33
CodeShark,32
btcdrak,32
dooglus,31
jl2012,30
andrewtoth,28
gwillen,27
dhruv,27
kazcw,25
Michagogo,25
willcl-ark,23
0xB10C,23
mjdietzx,23
eklitzke,22
kristapsk,22
dexX7,22
troygiorshev,22
john-moffett,21
mruddy,20
icota,20
wtogami,19
dgenr8,19
AkioNak,17
harding,17
pinheadmz,17
mrbandrews,17
danra,16
benthecarman,16
super3,16
prusnak,16
klementtan,16
emilengler,16
sdkfjlsfjlskdfjlsdjflsjf,16
maaku,16
ishaanam,16
Bushstar,15
scravy,15
casey,15
skeees,15
bitcoin-core-merge-script,15
jb55,15
l2a5b1,15
kdomanski,15
elichai,15
murrayn,14
adamjonas,14
brakmic,14
n-thumann,14
jimmysong,14
kevkevinpal,14
jkczyz,13
str4d,13
ENikS,13
LarryRuane,12
tjps,12
jachiang,12
RandyMcMillan,12
dcousens,11
lsilva01,11
nomnombtc,11
ch4ot1c,11
JeremyRand,10
shaavan,10
merland,10
lucash-dev,10
EthanHeilman,10
Kvaciral,10
mess110,10
codler,10
pablomartin4btc,10
real-or-random,10
wizeman,10
sinetek,9
recursive-rat4,9
jmcorgan,9
jlopp,9
maflcko,9
conscott,9
roques,9
Christewart,9
rodentrabies,9
jgarzik,8
PastaPastaPasta,8
Crypt-iQ,8
marcoagner,8
isle2983,8
stevenroose,8
PierreRochard,8
narula,8
joshtriplett,8
jordanlewis,8
schildbach,8
ajweiss,8
kouloumos,7
runeksvendsen,7
sandakersmann,7
sje397,7
droark,7
dougEfresh,7
celil-kj,7
fyquah,7
freewil,7
amadeuszpawlik,7
forrestv,7
rex4539,7
ariard,7
Zero-1729,6
JoelKatz,6
donaloconnor,6
jrmithdobbs,6
setpill,6
randy-waterhouse,6
cdecker,6
DrahtBot,6
dertin,6
Matoking,6
ashleyholman,6
ayush933,6
mgiuca,6
OttoAllmendinger,6
vegard,6
zw,6
glowang,6
fsb4000,6
p2k,6
alexanderkjeldaas,5
GChuf,5
robot-visions,5
federicobond,5
rdponticelli,5
gkrizek,5
sanket1729,5
hkjn,5
ptschip,5
jameshilliard,5
gubatron,5
kashifs,5
greenaddress,5
maraoz,5
MarnixCroes,5
mndrix,5
robbak,5
r000n,5
romanz,5
roybadami,5
vinniefalco,5
lemzwerg,5
whitj00,5
accraze,5
jeffrade,5
fcicq,5
sr-gi,4
stackman27,4
UdjinM6,4
yusufsahinhamza,4
chinggg,4
arowser,4
ezegom,4
fivepiece,4
flack,4
globalcitizen,4
grimd34th,4
t-bast,4
yancyribbens,4
rajarshimaitra,4
suriyaa,4
keystrike,4
JBaczuk,4
paraipan,4
apoelstra,4
brandondahler,4
kcalvinalvin,4
CryptAxe,4
esotericnonsense,4
daniel-s-ingram,4
DomT4,4
robot-dreams,4
EricJ2190,4
MitchellCash,4
guggero,4
miles170,4
mibe,4
LongShao007,4
randolf,4
TheQuantumPhysicist,4
kostaz,4
JustinTArthur,4
jayschwa,4
4tar,4
mikehearn,3
psancheti110,3
richardkiss,3
Mirobit,3
roconnor-blockstream,3
HashUnlimited,3
arnabsen1729,3
RHavar,3
SergioDemianLerner,3
shaulkf,3
ShubhamPalriwala,3
spencerlievens,3
Emzy,3
tholenst,3
afk11,3
Tyler-Hardin,3
kdmukai,3
lpescher,3
mryandao,3
nijynot,3
windsok,3
al42and,3
BlockMechanic,3
carnhofdaki,3
eric-likes-cake,3
bitcoinhodler,3
10xcryptodev,3
AmirAbrams,3
agroce,3
BrandonOdiwuor,3
bliotti,3
davecgh,3
DesWurstes,3
dunxen,3
BitonicEelis,3
ellemouton,3
ers35,3
Eunoia1729,3
fametrano,3
bitstein,3
michaelfolkson,3
ChoHag,3
marcinja,3
lucayepa,3
ldenman,3
Krellan,3
Flowdalic,3
ian-kelling,3
bubelov,3
isghe,3
jrawsthorne,3
jbampton,3
jonls,3
jonasnick,3
Danny-Scott,2
danielabrozzoni,2
DariusParvin,2
bytemaster,2
davidgumberg,2
dajohi,2
enmaku,2
davereikher,2
spiechu,2
xslidian,2
dimitris-t,2
gtkiller,2
dgpv,2
dlitz,2
nobled,2
Mischi,2
FelixWeis,2
Flavien,2
giulio92,2
gdm85,2
GreatSock,2
haakonn,2
1440000bytes,2
1Il1,2
axvr,2
alexwaters,2
leishman,2
krab,2
AliceWonderMiscreations,2
flipbitsnotburgers,2
alonmuroch,2
anditto,2
bvbfan,2
alecalve,2
bencxr,2
Brotcrunsher,2
kanzure,2
cbeams,2
chrisgavin,2
seejee,2
cdhowie,2
colindean,2
meeDamian,2
danben,2
dangershony,2
